{"cameraMode":{"drawMode":0,"name":"Shaded","section":"Shading Mode"},"sceneLighting":false,"audioPlay":false,"sceneViewState":{"m_AlwaysRefresh":false,"showFog":false,"showSkybox":false,"showFlares":false,"showImageEffects":false,"showParticleSystems":false,"showVisualEffectGraphs":true,"m_FxEnabled":true},"in2DMode":false,"pivot":{"x":0.02855581045150757,"y":0.7894235849380493,"z":0.14579308032989503},"rotation":{"x":-0.030449094250798227,"y":-0.937443733215332,"z":0.08489198982715607,"w":-0.3362496793270111},"size":1.359205722808838,"orthographic":false}