{"cameraMode":{"drawMode":0,"name":"Shaded","section":"Shading Mode"},"sceneLighting":true,"audioPlay":false,"sceneViewState":{"m_AlwaysRefresh":false,"showFog":true,"showSkybox":true,"showFlares":true,"showImageEffects":true,"showParticleSystems":true,"showVisualEffectGraphs":true,"m_FxEnabled":true},"in2DMode":false,"pivot":{"x":0.001212775707244873,"y":0.811753511428833,"z":-4.94750452041626},"rotation":{"x":0.22368869185447694,"y":0.5871665477752686,"z":-0.17318113148212434,"w":0.7584167718887329},"size":1.3314241170883179,"orthographic":false}