{"cameraMode":{"drawMode":0,"name":"Shaded","section":"Shading Mode"},"sceneLighting":true,"audioPlay":false,"sceneViewState":{"m_AlwaysRefresh":false,"showFog":true,"showSkybox":true,"showFlares":true,"showImageEffects":true,"showParticleSystems":true,"showVisualEffectGraphs":true,"m_FxEnabled":true},"in2DMode":false,"pivot":{"x":-27.68016242980957,"y":25.815404891967775,"z":166.53672790527345},"rotation":{"x":0.22368869185447694,"y":0.5871665477752686,"z":-0.17318113148212434,"w":0.7584167718887329},"size":15.890223503112793,"orthographic":false}