{"cameraMode":{"drawMode":0,"name":"Shaded","section":"Shading Mode"},"sceneLighting":true,"audioPlay":false,"sceneViewState":{"m_AlwaysRefresh":false,"showFog":true,"showSkybox":true,"showFlares":true,"showImageEffects":true,"showParticleSystems":true,"showVisualEffectGraphs":true,"m_FxEnabled":true},"in2DMode":false,"pivot":{"x":16.110004425048829,"y":8.73232650756836,"z":120.17000579833985},"rotation":{"x":-0.07641863077878952,"y":0.7628841400146484,"z":0.09174610674381256,"w":0.6354084610939026},"size":14.333463668823243,"orthographic":false}